MLA,hbo,7,2020-03-11,active
MLA,hbo,7,2020-03-13,inactive
MLA,hbo,7,2020-03-13,inactive
MLA,hbo,7,2020-03-16,active
MLA,hbo,7,2020-03-16,inactive
MLA,hbo,7,2020-04-21,active
MLA,hbo,7,2020-04-21,active
MLA,hbo,7,2020-04-23,active
MLA,hbo,7,2020-04-24,active
MLA,hbo,7,2020-04-24,cancelled
MLA,hbo,7,2020-04-27,active
MLA,hbo,7,2020-04-27,active
MLA,hbo,7,2020-04-27,inactive
MLA,hbo,7,2020-04-28,active
MLA,hbo,7,2020-04-29,active
MLA,hbo,7,2020-04-29,active
MLA,hbo,7,2020-04-29,active
MLA,hbo,7,2020-05-20,active
MLA,hbo,7,2020-05-20,active
MLA,hbo,7,2020-05-20,active
MLA,hbo,7,2020-05-20,active
MLA,hbo,7,2020-05-20,active
MLA,hbo,7,2020-05-20,active
MLA,hbo,7,2020-05-20,active
MLA,hbo,7,2020-05-20,active
MLA,hbo,7,2020-05-20,active
MLA,hbo,7,2020-05-20,active
MLA,hbo,7,2020-05-20,active
MLA,hbo,7,2020-05-20,active
MLA,hbo,7,2020-05-20,active
MLA,hbo,7,2020-05-20,active
MLA,hbo,7,2020-05-20,active
MLA,hbo,7,2020-05-20,active
MLA,hbo,7,2020-05-20,active
MLA,hbo,7,2020-05-20,active
MLA,hbo,7,2020-05-20,active
MLA,hbo,7,2020-05-20,active
MLA,hbo,7,2020-11-13,ready
MLA,hbo,7,2020-11-13,ready
MLA,hbo,7,2020-11-13,ready
MLA,hbo,7,2020-11-13,ready
MLA,hbo,7,2020-11-13,ready
MLA,hbo,7,2020-11-13,ready
MLA,hbo,7,2020-11-20,cancelled
MLA,hbo,7,2020-11-20,cancelled
MLA,hbo,7,2020-11-20,cancelled
MLA,hbo,7,2020-11-21,cancelled
MLA,hbo,7,2020-11-21,cancelled
MLA,hbo,8,2020-11-22,active
MLA,hbo,8,2020-11-22,cancelled
MLA,hbo,8,2020-11-22,cancelled
MLA,hbo,8,2020-11-22,cancelled
MLA,hbo,8,2020-11-22,cancelled
MLA,hbo,8,2020-11-23,cancelled
MLA,hbo,8,2020-11-23,cancelled
MLA,hbo,8,2020-11-24,cancelled
MLA,hbo,8,2020-11-24,cancelled
MLA,hbo,8,2020-11-24,cancelled
MLA,hbo,8,2020-11-24,cancelled
MLA,hbo,8,2020-11-24,cancelled
MLA,hbo,8,2020-11-24,cancelled
MLA,hbo,8,2020-11-24,cancelled
MLA,hbo,8,2020-11-25,cancelled
MLA,hbo,8,2020-11-25,cancelled
MLA,hbo,8,2020-11-25,cancelled
MLA,hbo,8,2020-11-25,cancelled
MLA,hbo,8,2020-11-25,active
MLA,hbo,8,2020-11-25,cancelled
MLA,hbo,8,2020-11-25,cancelled
MLA,hbo,8,2020-11-25,cancelled
MLA,hbo,8,2020-11-25,cancelled
MLA,hbo,8,2020-11-25,cancelled
MLA,hbo,8,2020-11-25,cancelled
MLA,hbo,8,2020-11-25,cancelled
MLA,hbo,8,2020-11-25,cancelled
MLA,hbo,8,2020-11-25,cancelled
MLA,hbo,8,2020-11-25,cancelled
MLA,hbo,8,2020-11-25,cancelled
MLA,hbo,8,2020-11-25,cancelled
MLA,hbo,8,2020-11-25,cancelled
MLA,hbo,8,2020-11-25,cancelled
MLA,hbo,8,2020-11-25,cancelled
MLA,hbo,8,2020-11-25,cancelled
MLA,hbo,8,2020-11-25,cancelled
MLA,hbo,8,2020-11-25,cancelled
MLA,hbo,8,2020-11-25,cancelled
MLA,hbo,8,2020-11-25,cancelled
MLA,hbo,8,2020-11-25,active
MLA,hbo,8,2020-11-25,cancelled
MLA,hbo,8,2020-11-25,active
MLA,hbo,8,2020-11-25,cancelled
MLA,hbo,8,2020-11-25,cancelled
MLA,hbo,8,2020-11-26,pending
MLA,hbo,8,2020-11-26,cancelled
MLA,hbo,8,2020-11-26,cancelled
MLA,hbo,8,2020-11-26,cancelled
MLA,hbo,8,2020-11-26,cancelled
MLA,hbo,8,2020-11-26,cancelled
MLA,hbo,8,2020-11-26,cancelled
MLA,hbo,8,2020-11-26,cancelled
